{"cameraMode":{"drawMode":0,"name":"Shaded","section":"Shading Mode"},"sceneLighting":true,"audioPlay":false,"sceneViewState":{"showFog":true,"showMaterialUpdate":false,"showSkybox":true,"showFlares":true,"showImageEffects":true,"showParticleSystems":true},"in2DMode":false,"pivot":{"x":18.38286018371582,"y":5.46768856048584,"z":-1.7842069864273072},"rotation":{"x":-0.23325058817863465,"y":0.40075671672821047,"z":-0.10626798868179321,"w":-0.8795995712280273},"size":35.4808464050293,"orthographic":false}