{"cameraMode":{"drawMode":0,"name":"Shaded","section":"Shading Mode"},"sceneLighting":false,"audioPlay":false,"sceneViewState":{"showFog":true,"showMaterialUpdate":false,"showSkybox":true,"showFlares":true,"showImageEffects":true,"showParticleSystems":true},"in2DMode":false,"pivot":{"x":1.088083267211914,"y":8.333127975463868,"z":24.69693946838379},"rotation":{"x":-0.09311603009700775,"y":-0.5551429986953735,"z":0.06272503733634949,"w":-0.8241427540779114},"size":28.649723052978517,"orthographic":false}